Artist,Album,Title,Date
Hope Sandoval & The Warm Inventions,Until the Hunter,Into The Trees,30 Aug 2018 12:16
KI Creighton,Love Is Here,Love Is Here - Franky Rizardo Remix,30 Aug 2018 12:04
Jungle Wonz,Bird In A Gilded Cage,Bird In A Gilded Cage - Club Mix,30 Aug 2018 11:01
John Tejada,Dead Start Program,The Looping Generation,30 Aug 2018 10:56
Ole Biege,Herberts Best 07,Heat,30 Aug 2018 10:50
Nic Fanciulli,After Time (Adana Twins Remix),After Time - Adana Twins Remix,30 Aug 2018 10:46
Âme,Rhythm Trainx Vol. 1,119 BPM,30 Aug 2018 09:50
Model 500,NO UFO's (Remixes by Moodymann and Luciano),NO UFO'S (Moodymann Remix),30 Aug 2018 09:23
Heiko Laux,Canis Major/Lucho,Lucho Part 2,30 Aug 2018 09:10
The Pack A.D.,Dollhouse,Does It Feel Good,30 Aug 2018 09:06
Satyricon,Now Diabolical,K.I.N.G,30 Aug 2018 09:02
Sólstafir,Ótta (Deluxe Version),Ótta,30 Aug 2018 08:22
Mogwai,Every Country's Sun,Don't Believe the Fife,30 Aug 2018 08:05
Niechęć,[self-titled],Rajza,30 Aug 2018 07:58
A Silver Mt. Zion,Fuck Off Get Free We Pour Light On Everything,What We Loved Was Not Enough,30 Aug 2018 07:47
Niechęć,[self-titled],Metanol,30 Aug 2018 07:41
Godspeed You! Black Emperor,Asunder Sweet And Other Distress,Piss Crowns Are Trebled,30 Aug 2018 07:27
Mogwai,Hardcore Will Never Die But You Will (Music for a Forgotten Future),San Pedro,30 Aug 2018 05:56
The Kinks,The Ultimate Collection,You Really Got Me - Mono Mix,30 Aug 2018 05:54
The Black Keys,Magic Potion,Just A Little Heat,30 Aug 2018 05:46
Captain Beefheart & His Magic Band,Safe As Milk,Zig Zag Wanderer,30 Aug 2018 05:40
Queens of the Stone Age,Villains,The Way You Used To Do,29 Aug 2018 19:06
The Black Keys,Brothers (Deluxe Edition),Everlasting Light,29 Aug 2018 19:02
Tinariwen,Elwan,Tiwàyyen,29 Aug 2018 18:55
Better Person,Zakochany Czlowiek,Zakochany Czlowiek,29 Aug 2018 17:55